reading,word,meaning,priority,reason,status,batch
あくしゅ,握手,てとてをあわせるあいさつ,1,サブエージェント選定済み,registered,agent-social-scenes.csv
いきいき,生き生き,げんきなようす,1,サブエージェント選定済み,registered,agent-abstract-words.csv
おす,押す,ちからをくわえてうごかすこと,1,サブエージェント選定済み,registered,agent-physical-verbs.csv
おせわ,お世話,ひとのめんどうをみること,1,サブエージェント選定済み,registered,agent-social-scenes.csv
おちば,落ち葉,きからおちたはっぱ,1,サブエージェント選定済み,registered,agent-landscapes.csv
およぐ,泳ぐ,みずのなかをすすむこと,1,サブエージェント選定済み,registered,agent-physical-verbs.csv
おわかれ,お別れ,さようならすること,1,サブエージェント選定済み,registered,agent-social-scenes.csv
かげ,影,ひかりがさえぎられてできるくらいところ,1,サブエージェント選定済み,registered,agent-objects-nature.csv
かさ,傘,あめのときにさしてぬれないようにするどうぐ,1,サブエージェント選定済み,registered,agent-objects-nature.csv
かす,貸す,自分のものをほかのひとにつかわせること,1,サブエージェント選定済み,registered,agent-social-scenes.csv
かたづけ,片付け,つかったものを元の場所にもどすこと,1,サブエージェント選定済み,registered,agent-home-actions.csv
かり,借り,ひとからかりること,1,サブエージェント選定済み,registered,agent-social-scenes.csv
きうつ,気鬱,心が塞ぎ込んでしまって晴れやかになれず、憂鬱で元気が出ない状態のこと,1,サブエージェント選定済み,registered,agent-abstract-words.csv
きり,霧,空気中の小さな水滴が集まって、まわりが白くもやのようになり見えにくくなる現象,1,サブエージェント選定済み,registered,agent-objects-nature.csv
くみ,組,学校のクラスや、同じ目的をもった仲間のあつまり,1,サブエージェント選定済み,registered,agent-social-scenes.csv
くみあい,組合,同じ仕事をする人たちが、助け合うためにつくる組織,1,サブエージェント選定済み,registered,agent-social-scenes.csv
けいあい,敬愛,その人のことを心から尊敬し、さらに親しみと愛着を持つこと,1,サブエージェント選定済み,registered,agent-abstract-words.csv
けいふく,敬服,相手のすぐれた能力や素晴らしい行いに対して、心から感心して尊敬すること,1,サブエージェント選定済み,registered,agent-abstract-words.csv
けち,ケチ,お金や物を出すのをとても嫌がり、必要以上にもったいぶるようす,1,サブエージェント選定済み,registered,agent-abstract-words.csv
ける,蹴る,足の甲や裏を使って、ボールなどを遠くへ飛ばしたりすること,1,サブエージェント選定済み,registered,agent-physical-verbs.csv
けんきょ,謙虚,自分が偉いと威張ったりせず、いつでも素直に他人の意見を聞く素晴らしい態度,1,サブエージェント選定済み,registered,agent-abstract-words.csv
けんとう,検討,どうすれば一番良いか、みんなで詳しく調べたり話し合ったりして考えること,1,サブエージェント選定済み,registered,agent-abstract-words.csv
けんめい,賢明,頭のはたらきがとても良く、間違いのない正しい判断ができる素晴らしいようす,1,サブエージェント選定済み,registered,agent-abstract-words.csv
げんみつ,厳密,細かいところまで一切の妥協や間違いを許さず、とてもきびしく正確なようす,1,サブエージェント選定済み,registered,agent-abstract-words.csv
こうかい,後悔,あのときあんなことをしなければよかったと、あとからがっかりして悔やむこと,1,サブエージェント選定済み,registered,agent-landscapes.csv
こうせい,公正,だれか特定の人だけをひいきせず、みんなに対して平等で正しいようす,1,サブエージェント選定済み,registered,agent-abstract-words.csv
こうたい,交代,お仕事や試合のメンバーを、別の人とバトンタッチして入れ替えること,1,サブエージェント選定済み,registered,agent-social-scenes.csv
こうゆう,交友,お友達と仲良くお付き合いをしたり、お互いに行き来したりすること,1,サブエージェント選定済み,registered,agent-social-scenes.csv
こうわ,講話,ためになるお話や、大切な教訓を分かりやすくみんなに聞かせること,1,サブエージェント選定済み,registered,agent-social-scenes.csv
こだま,木霊,山や谷に向かって大声を出したとき、壁に跳ね返って「ヤッホー」と戻ってくる音（やまびこ）,1,サブエージェント選定済み,registered,agent-objects-nature.csv
ころぶ,転ぶ,歩いているときに足がつまずいて、地面にバタンと倒れてしまうこと,1,サブエージェント選定済み,registered,agent-physical-verbs.csv
ささえる,支える,重い荷物や倒れそうな木を、下から手や棒でしっかりと受け止めて倒さないようにすること,1,サブエージェント選定済み,registered,agent-physical-verbs.csv
さす,指す,人差し指を使って、「あそこに富士山が見えるよ」と方向をみんなに示すこと,1,サブエージェント選定済み,registered,agent-physical-verbs.csv
さわる,触る,手や指の皮膚を使って、猫の毛のふわふわ感や氷の冷たさを確かめること,1,サブエージェント選定済み,registered,agent-physical-verbs.csv
しずく,雫,雨のあと、木の葉っぱの先からポタリと落ちる丸い水のつぶのこと,1,サブエージェント選定済み,registered,agent-landscapes.csv
しょうじき,正直,嘘をついたり隠したりせず、本当のことをまっすぐにお話しする立派なようす,1,サブエージェント選定済み,registered,agent-abstract-words.csv
すいとう,水筒,遠足や学校にお茶やジュースを入れて、肩からさげて持ち歩くための便利なボトル,1,サブエージェント選定済み,registered,agent-objects-nature.csv
すべる,滑る,バナナの皮を踏んで足がツルッと転びそうになったり、氷の上を靴でスーッと進むこと,1,サブエージェント選定済み,registered,agent-physical-verbs.csv
せんたく,洗濯,汚れてしまったお洋服やお布団を、洗濯機に入れて洗剤でグルグルと綺麗に洗うこと,1,サブエージェント選定済み,registered,agent-home-actions.csv
せんぷうき,扇風機,スイッチを入れると、まあるい羽根がクルクル回って涼しい風をビューッと送ってくれる機械,1,サブエージェント選定済み,registered,agent-home-actions.csv
そうじき,掃除機,スイッチを入れると、床のゴミやホコリをグングン大きな音で吸い込んでくれる便利な機械,1,サブエージェント選定済み,registered,agent-home-actions.csv
たき,滝,山の高い崖の上から、白い水がドードーと大きな音を立てて下の池に激しく落ちている場所,1,サブエージェント選定済み,registered,agent-landscapes.csv
たたく,叩く,お太鼓をバチでドンドン鳴らしたり、肩が凝ったお母さんの背中をトントンしてあげること,1,サブエージェント選定済み,registered,agent-physical-verbs.csv
つうじる,通じる,お電話の電波がピタッと繋がったり、自分の気持ちがお友達にしっかり伝わって分かってもらえること,1,サブエージェント選定済み,registered,agent-social-scenes.csv
つうわ,通話,スマホをお耳に当てて、遠くにいるおじいちゃんやおばあちゃんと「もしもし」とお話しすること,1,サブエージェント選定済み,registered,agent-social-scenes.csv
つかまえる,捕まえる,お庭をひらひら飛んでいるチョウチョを虫取り網でサッと入れたり、鬼ごっこでタッチすること,1,サブエージェント選定済み,registered,agent-physical-verbs.csv
つかむ,掴む,目の前にあるボールを片手でギュッと握ったり、お話のいちばん大事なところを理解すること,1,サブエージェント選定済み,registered,agent-physical-verbs.csv
つゆ,露,朝早くにお庭に出ると、アサガオの葉っぱの上にガラスの玉のようにキラキラ光っている綺麗なお水の粒,1,サブエージェント選定済み,registered,agent-objects-nature.csv
とぶ,飛ぶ,小鳥や飛行機がお空をスイスイ進んだり、地面を両足でジャンプして高く跳ね上がること,1,サブエージェント選定済み,registered,agent-physical-verbs.csv
ないわ,内話,他の人には絶対に聞こえないように、お友達と二人きりで声をひそめてこっそり秘密のお話をすること,1,サブエージェント選定済み,registered,agent-social-scenes.csv
ながし,流し,台所や洗面所にあり、使ったお皿や汚れたおててを洗うためにお水がジャーザー流れる場所のこと,1,サブエージェント選定済み,registered,agent-objects-nature.csv
なげる,投げる,野球のピッチャーのように、右手に持ったボールをお空に向かって勢いよくピュッと遠くへ飛ばすこと,1,サブエージェント選定済み,registered,agent-physical-verbs.csv
なさけ,情け,困ってお腹をすかせている野良猫に、優しい心でご飯を少し分けてあげるようなあたたかい気持ちのこと,1,サブエージェント選定済み,registered,agent-abstract-words.csv
なさけなあい,情けない,「情けない」の少しずっこけた言い方、または約束を守れなくて自分がすごく格好悪く思えるようす,1,サブエージェント選定済み,registered,agent-abstract-words.csv
にぎる,握る,おにぎりを両手でキュッキュと丸めたり、お母さんのおててを迷子にならないようにギュッと掴むこと,1,サブエージェント選定済み,registered,agent-physical-verbs.csv
にじ,虹,雨が上がってお日様がピカッと差したとき、お空に滑り台のように綺麗に架かる７色の光の帯のこと,1,サブエージェント選定済み,registered,agent-landscapes.csv
にやにや,にやにや,面白いいたずらを思いついたときに、お口の端っこを上げてこっそり一人で笑っているようす,1,サブエージェント選定済み,registered,agent-abstract-words.csv
ぬいぐるみ,ぬいぐるみ,クマさんやウサギさんの形をしていて、中に綿がフカフカに詰まった、一緒に寝ると温かいお人形,1,サブエージェント選定済み,registered,agent-home-actions.csv
のうてんき,能天気,嫌なことがあっても「まあいっか！」と全然気にしないで、いつもお空を見上げてのんびりニコニコしているようす,1,サブエージェント選定済み,registered,agent-abstract-words.csv
のばす,伸ばす,丸まっていた粘土を棒でギューッと平らに広げたり、おててを天井に向かって「うーん」と高く上げること,1,サブエージェント選定済み,registered,agent-physical-verbs.csv
のぼる,登る,すべり台の階段を一生懸命一歩ずつ上がったり、富士山のてっぺんを目指して足を動かして進むこと,1,サブエージェント選定済み,registered,agent-physical-verbs.csv
のんき,のんき,明日テストがあるのに全然慌てないで、ベッドでゴロゴロしながら鼻歌を歌ってニコニコしているようす,1,サブエージェント選定済み,registered,agent-abstract-words.csv
はっぴょう,発表,調べたことや考えたことをみんなに伝えること。,1,サブエージェント選定済み,registered,agent-social-scenes.csv
はんちょう,班長,班のまとめ役をする人。,1,サブエージェント選定済み,registered,agent-social-scenes.csv
ひきだし,引き出し,机やタンスの手前に引っ張り出す、ものを入れる箱,1,サブエージェント選定済み,registered,agent-home-actions.csv
ふでばこ,筆箱,鉛筆や消しゴムなどを入れる箱。,1,サブエージェント選定済み,registered,agent-objects-nature.csv
ふとん,布団,夜に寝るときに、体の下に敷いたり上にかぶせたりする寝具,1,サブエージェント選定済み,registered,agent-home-actions.csv
へんしん,返信,手紙やメールなどに返事を送ること。,1,サブエージェント選定済み,registered,agent-social-scenes.csv
ほらあな,洞穴,岩や山などにできた奥の深い穴。,1,サブエージェント選定済み,registered,agent-landscapes.csv
まくら,枕,夜に寝るときに、あたまの下にしくやわらかいクッション,1,サブエージェント選定済み,registered,agent-home-actions.csv
ゆうき,勇気,怖さや難しさに負けず行動する気持ち。,1,サブエージェント選定済み,registered,agent-landscapes.csv
ゆうやけ,夕焼け,夕方の空が赤く見えること。,1,サブエージェント選定済み,registered,agent-landscapes.csv
りょうり,料理,お肉やお野菜を切ったり焼いたりして、美味しいご飯をつくること,1,サブエージェント選定済み,registered,agent-home-actions.csv
あつあつ,あつあつ,料理や関係などが、とっても熱い様子。良い意味で使う。,1,抽象的な意味を場面で伝える候補,candidate,
あるかりせい,アルカリ性,水溶液の性質の一つ。リトマス紙を青色に変える性質,1,抽象的な意味を場面で伝える候補,candidate,
いのうりょく,異能力,ふしぎなちから,1,抽象的な意味を場面で伝える候補,candidate,
えき,えき,液体状の物質のこと。水などのように流れる性質を持つ,1,抽象的な意味を場面で伝える候補,candidate,
えきじょういんく,えきじょうインク,液体の状態のインク。水の流れを見たりするのに使う,1,抽象的な意味を場面で伝える候補,candidate,
えきたい,えき体,流れる性質があり、容器に合わせて形を変えるが、体積は一定の物質の状態,1,抽象的な意味を場面で伝える候補,candidate,
えきたい,液体,流れる性質があり、容器に合わせて形を変えるが、体積は一定の物質の状態,1,抽象的な意味を場面で伝える候補,candidate,
きい,奇異,普通とは様子が違っていて、不思議だったり怪しかったりして目立つこと,1,抽象的な意味を場面で伝える候補,candidate,
きたい,気体,形も体積も決まっておらず、空間に広がる物質の状態,1,抽象的な意味を場面で伝える候補,candidate,
きみ,気味,物事のようすや、なんとなくそう感じられる傾向のこと,1,抽象的な意味を場面で伝える候補,candidate,
きょうかい,教会,キリスト教を信じる人たちが集まって、お祈りをするための建物,1,抽象的な意味を場面で伝える候補,candidate,
きんぞく,金属,光沢があり、電気や熱をよく通し、たたくと広がる性質を持つ物質の総称,1,抽象的な意味を場面で伝える候補,candidate,
ぎざぎざ,ギザギザ,ノコギリの歯のように細かくとがった刻み目が連続している状態、またはその形や様子。,1,抽象的な意味を場面で伝える候補,candidate,
くうふく,空腹,おなかがすいて、ペコペコな状態のこと,1,抽象的な意味を場面で伝える候補,candidate,
けっか,結果,何かを行ったあとに、最終的にあらわれた終わりの状態や数字のこと,1,抽象的な意味を場面で伝える候補,candidate,
けつぼう,欠乏,必要な物や栄養が、すっかり足りなくなって困っている状態のこと,1,抽象的な意味を場面で伝える候補,candidate,
けつろん,結論,いろいろと考えたり話し合ったりした結果、最終的にたどり着いたひとつの答え,1,抽象的な意味を場面で伝える候補,candidate,
けなみ,毛並み,動物の毛の生え方や、触ったときのふわふわした感じ、または育ちのこと,1,抽象的な意味を場面で伝える候補,candidate,
けむたい,煙たい,煙が目にしみて痛いこと、または煙たがられて煙たく感じるきまずいようす,1,抽象的な意味を場面で伝える候補,candidate,
けんせい,牽制,相手が自由に動けないように、注意をひいたり邪魔をしたりして様子を見ること,1,抽象的な意味を場面で伝える候補,candidate,
けんそん,謙遜,自分の能力を自慢せず、あえて控えめに控えめにお話しすること,1,抽象的な意味を場面で伝える候補,candidate,
けんちく,建築,おうちや学校、ビルなどの建物を、デザインを考えて大工さんたちが建てること,1,抽象的な意味を場面で伝える候補,candidate,
こうい,行為,人がこころの中で考えて、実際にからだを動かしておこなう動作のこと,1,抽象的な意味を場面で伝える候補,candidate,
こうげん,高原,山の上の方にある、平らで涼しくて気持ちのよい広い土地のこと,1,抽象的な意味を場面で伝える候補,candidate,
こげかた,こげ方,物が焼けて黒く変化する様子や程度,1,抽象的な意味を場面で伝える候補,candidate,
こたい,固体,形や体積が一定で、外からの力がないと形が変わらない物質の状態,1,抽象的な意味を場面で伝える候補,candidate,
こぶし,拳,手の指をすべて内側にぎゅっと折り曲げて、固く握りしめた状態の手（げんこつ）,1,抽象的な意味を場面で伝える候補,candidate,
こわい,怖い,お化け屋敷や、お怒りになった先生の顔を見て、からだがブルブル震えて逃げたくなる気持ち,1,抽象的な意味を場面で伝える候補,candidate,
こわす,壊す,おもちゃや建物を、叩いたり落としたりしてバラバラの使えない状態にすること,1,抽象的な意味を場面で伝える候補,candidate,
さいあく,最悪,これ以上はないというくらい、いちばん状態が悪くてがっかりすること,1,抽象的な意味を場面で伝える候補,candidate,
さいけつ,採血,病院で健康状態を調べるために、注射器を使ってからだの血を少し採ること,1,抽象的な意味を場面で伝える候補,candidate,
さいのう,才能,生まれつき、または練習によって身についた、他の人より優れた素晴らしい能力のこと,1,抽象的な意味を場面で伝える候補,candidate,
さいばんしょ,裁判所,法にもとづいて事件や争いごとを解決し、罪の有無などを判断する場所,1,抽象的な意味を場面で伝える候補,candidate,
さかさ,逆さ,頭があしになり、上と下がふだんとは反対のひっくり返った状態になること,1,抽象的な意味を場面で伝える候補,candidate,
さくせん,作戦,ドッジボールやゲームで勝つために、みんなであらかじめ考えておく秘密の計画,1,抽象的な意味を場面で伝える候補,candidate,
さぐり,探り,暗い場所で手で触って物を探したり、相手の秘密の気持ちを調べようとすること,1,抽象的な意味を場面で伝える候補,candidate,
ささる,刺さる,トゲやピンが、手の皮膚やクッションにツンと深く入り込んで抜けない状態になること,1,抽象的な意味を場面で伝える候補,candidate,
さなぎ,蛹,アオムシがチョウチョウになる前に、お部屋の中に閉じこもってじっと動かない状態のとき,1,抽象的な意味を場面で伝える候補,candidate,
さばく,裁く,裁判官が法律に照らし合わせて、誰が悪いかを公平に判断して決めること,1,抽象的な意味を場面で伝える候補,candidate,
さんせい,酸性,レモンの汁や酢のように、舐めると酸っぱくて、理科の実験でリトマス紙を赤くする性質,1,抽象的な意味を場面で伝える候補,candidate,
さんせき,山積,宿題や解決しなければならない問題が、山のように高くたくさん積み上がっている状態,1,抽象的な意味を場面で伝える候補,candidate,
ざいしつ,材質,木やプラスチック、鉄など、その品物が何で作られているかという素材の性質,1,抽象的な意味を場面で伝える候補,candidate,
した,舌,お口の中にある、食べ物の味を感じたり言葉をしゃべたりするときに動くピンク色の部分,1,抽象的な意味を場面で伝える候補,candidate,
しやく,試薬,実験で物質の性質や反応を調べるために使われる薬品,1,抽象的な意味を場面で伝える候補,candidate,
しんぱいないさ,心配ないさ,ライオンキングのハクナマタタ,1,抽象的な意味を場面で伝える候補,candidate,
すいさんかなとりうむ,水酸化ナトリウム,強いアルカリ性を持つ薬品。タンパク質を溶かす性質がある,1,抽象的な意味を場面で伝える候補,candidate,
すがすがしい,清々しい,朝いちばんに窓を開けて、冷たくて綺麗な空気を吸ったときのような、とても気持ちが良いようす,1,抽象的な意味を場面で伝える候補,candidate,
せっかち,せっかち,お水が沸騰するのをじっと待てず、いつも大慌てで次の行動をしてしまうような性格,1,抽象的な意味を場面で伝える候補,candidate,
そうなん,遭難,高い山や広い海で迷子になってしまい、お家に帰れなくなって助けを待つ大変な状態のこと,1,抽象的な意味を場面で伝える候補,candidate,
たいちょう,体調,「今日はお腹が痛くないかな？」という、自分のからだの元気の具合や健康状態のこと,1,抽象的な意味を場面で伝える候補,candidate,
たいりつ,対立,２つのグループが、お互いに「僕の意見が絶対に正しい！」と言い合ってケンカしている状態,1,抽象的な意味を場面で伝える候補,candidate,
たぶん,多分,「明日は多分晴れると思うよ」というように、100％ではないけれどきっとそうだろうという予想,1,抽象的な意味を場面で伝える候補,candidate,
ちゅう,宙,お空のずっと高い場所や、宇宙空間のこと、または足が地面につかずに浮いている状態（宙に浮く）,1,抽象的な意味を場面で伝える候補,candidate,
ちり,地理,日本にはどんな高い山があり、どんな広い川が流れているかという、土地の様子のお勉強,1,抽象的な意味を場面で伝える候補,candidate,
ちんもく,沈黙,誰も一言もおしゃべりをせず、お部屋の中がシーンと静まり返っている状態のこと,1,抽象的な意味を場面で伝える候補,candidate,
つげる,告げる,朝の時計がピピピと鳴って時間が来たことを知らせたり、自分の気持ちを相手に言葉で発表すること,1,抽象的な意味を場面で伝える候補,candidate,
つねに,常に,たまにではなく、朝も昼も夜も、毎日いつでも100％ずっと同じ状態が続いているようす（いつも）,1,抽象的な意味を場面で伝える候補,candidate,
ていあつ,低圧,お水の勢いや電気の強さが、それほど強くなくて優しく安全な状態のこと,1,抽象的な意味を場面で伝える候補,candidate,
ていれ,手入れ,お庭の草をむしったり、お人形のお洋服を綺麗に直して、いつも良い状態に保つこと,1,抽象的な意味を場面で伝える候補,candidate,
てごたえ,手応え,壁をドンと叩いたときに硬さを感じたり、テストで「今回は100点かも！」と自分で感じる確かな感覚,1,抽象的な意味を場面で伝える候補,candidate,
てれぱしー,テレパシー,お口でおしゃべりをしなくても、頭の中で思っただけで相手に気持ちが伝わる魔法のような力,1,抽象的な意味を場面で伝える候補,candidate,
とうめい,とうめい,光を通し、向こう側が透けて見える状態,1,抽象的な意味を場面で伝える候補,candidate,
とけかた,とけかた,物質が液体に溶けていく様子や仕組み,1,抽象的な意味を場面で伝える候補,candidate,
とけているもの,とけているもの,現在、液体の中に溶け込んでいる状態の物質,1,抽象的な意味を場面で伝える候補,candidate,
とけないもの,とけないもの,その液体には溶ける性質がない物質のこと,1,抽象的な意味を場面で伝える候補,candidate,
とけるもの,とけるもの,その液体に溶ける性質を持っている物質のこと,1,抽象的な意味を場面で伝える候補,candidate,
とちゅう,途中,お家から学校へ歩いていく道の真ん中の場所や、お話をまだ半分しか読んでいない状態のこと,1,抽象的な意味を場面で伝える候補,candidate,
どんな,どんな,「それはどんな形のおもちゃ？」というように、相手に様子や色を詳しく教えてもらうときに言う言葉,1,抽象的な意味を場面で伝える候補,candidate,
ない,無い,お菓子の箱を開けたら中身が空っぽで、「ひとつも残っていないよ」という寂しい状態のこと,1,抽象的な意味を場面で伝える候補,candidate,
なおす,なおす,よい状態にもどすこと,1,抽象的な意味を場面で伝える候補,candidate,
なさけない,情けない,テストで全然お勉強をしなくて簡単な問題を間違え、自分がとても恥ずかしくて格好悪く思うようす,1,抽象的な意味を場面で伝える候補,candidate,
なぞなぞ,なぞなぞ,「上は洪水、下は大火事、なーんだ？（お風呂）」のように、言葉をよく聞いて頭で考える楽しいクイズ,1,抽象的な意味を場面で伝える候補,candidate,
にがて,苦手,「ピーマンを食べるのが嫌いだな」とか「逆上がりが上手くできないな」と、自分が少し嫌だなと思うこと,1,抽象的な意味を場面で伝える候補,candidate,
にゅうはくしょく,乳白色,牛乳のように少しだけ黄色や青みが混ざった、優しくてあったかい感じのする特別な白色のこと,1,抽象的な意味を場面で伝える候補,candidate,
ぬりたて,塗りたて,公園のベンチにペンキが塗られたばかりで、まだ乾いていないから「触るとおててに色がついちゃうよ」という状態,1,抽象的な意味を場面で伝える候補,candidate,
のうりょく,能力,かけっこが誰よりも速かったり、英語がペラペラ話せるような、その人が持っている素晴らしい力のこと,1,抽象的な意味を場面で伝える候補,candidate,
のーまる,ノーマル,特別な飾りや改造が何もなくて、いつも通りで一番みんなに馴染みがある、普通のスタンダードな状態のこと,1,抽象的な意味を場面で伝える候補,candidate,
はくしょくせろふぁん,白色セロファン,白っぽく光を遮る性質があるセロファン紙,1,抽象的な意味を場面で伝える候補,candidate,
はちまき,鉢巻き,気持ちを引きしめたり汗を止めたりするため頭に巻く布。,1,抽象的な意味を場面で伝える候補,candidate,
はつこい,初恋,初めて誰かを恋しいと思う気持ち。,1,抽象的な意味を場面で伝える候補,candidate,
はーと,ハート,心や気持ちを表すときに使う形。,1,抽象的な意味を場面で伝える候補,candidate,
ひと,人,言葉を使って考えたり暮らしたりする人間。,1,抽象的な意味を場面で伝える候補,candidate,
ふうけい,風景,目に見える山や町などの様子。,1,抽象的な意味を場面で伝える候補,candidate,
ぶしどう,武士道,さむらいの考え方や生き方のこと。,1,抽象的な意味を場面で伝える候補,candidate,
へんか,変化,形や様子などが変わること。,1,抽象的な意味を場面で伝える候補,candidate,
やじうま,やじ馬,自分に関係のない出来事を見物する人。,1,抽象的な意味を場面で伝える候補,candidate,
ゆ,湯,水を温めたもの。温度が高くなった液体状態の水,1,抽象的な意味を場面で伝える候補,candidate,
りけい,理系,理科や数学に関係する学問の分野。,1,抽象的な意味を場面で伝える候補,candidate,
るい,類,似た性質を持つものの集まり。,1,抽象的な意味を場面で伝える候補,candidate,
わかさ,若さ,年齢が若いことや生き生きとした様子。,1,抽象的な意味を場面で伝える候補,candidate,
あてる,あてる,ものをうまくはめること,2,動作を場面で伝える候補,candidate,
あびる,浴びる,シャワーなどでみずをからだにかけること,2,動作を場面で伝える候補,candidate,
あぶる,炙る,ひにちかづけてやくこと,2,動作を場面で伝える候補,candidate,
あまえる,甘える,だれかにやさしくしてほしいこと,2,動作を場面で伝える候補,candidate,
あらす,荒らす,きれいなところをこわすこと,2,動作を場面で伝える候補,candidate,
あらそう,争う,だれかとたたかうこと,2,動作を場面で伝える候補,candidate,
ある,在る,そんざいすること,2,動作を場面で伝える候補,candidate,
ある,有る,そこにあること,2,動作を場面で伝える候補,candidate,
あるある,あるある,よくあること,2,動作を場面で伝える候補,candidate,
いかる,怒る,おこること,2,動作を場面で伝える候補,candidate,
いきかえる,生き返る,しんだものがまたいきること,2,動作を場面で伝える候補,candidate,
いざなう,誘う,さそうこと,2,動作を場面で伝える候補,candidate,
いじくる,いじくる,てでさわってあそぶこと,2,動作を場面で伝える候補,candidate,
いそぐ,急ぐ,いそいでやること,2,動作を場面で伝える候補,candidate,
いただく,頂く,もらうことのていねいないいかた,2,動作を場面で伝える候補,candidate,
いたむ,傷む,たべものがわるくなること,2,動作を場面で伝える候補,candidate,
いたむ,痛む,からだやこころがいたいこと,2,動作を場面で伝える候補,candidate,
いたわる,労わる,やさしくすること,2,動作を場面で伝える候補,candidate,
いちはやく,一早く,だれよりもはやくすること,2,動作を場面で伝える候補,candidate,
いもづる,芋づる,つるでつながっていること,2,動作を場面で伝える候補,candidate,
いる,居る,そこにいること,2,動作を場面で伝える候補,candidate,
いる,要る,ひつようなこと,2,動作を場面で伝える候補,candidate,
いれかわる,入れ替わる,なかみをかえること,2,動作を場面で伝える候補,candidate,
うろたえる,狼狽える,びっくりしてあわてること,2,動作を場面で伝える候補,candidate,
えぬじーおー,NGO,Non-Governmental Organization＝民間人が中心となって、社会問題の解決や国際協力に取り組む団体,2,人との関わりを場面で伝える候補,candidate,
えほん,絵本,たくさんの絵とやさしいお話がある本,2,人との関わりを場面で伝える候補,candidate,
えんさく,原作,映画などのもとになったお話,2,人との関わりを場面で伝える候補,candidate,
おく,置く,ものをおくこと,2,動作を場面で伝える候補,candidate,
おたがい,お互い,どちらもいっしょにすること,2,人との関わりを場面で伝える候補,candidate,
おちる,落ちる,うえからしたへさがること,2,動作を場面で伝える候補,candidate,
おとす,落とす,もっているものをしたにおとすこと,2,動作を場面で伝える候補,candidate,
おともだち,お友達,なかよくあそぶひと,2,人との関わりを場面で伝える候補,candidate,
おとる,劣る,ほかよりもよわいこと,2,動作を場面で伝える候補,candidate,
おとろえる,衰える,よわくなること,2,動作を場面で伝える候補,candidate,
おはなし,お話,ことばでつたえること,2,人との関わりを場面で伝える候補,candidate,
おぼえる,覚える,あたまのなかにいれること,2,動作を場面で伝える候補,candidate,
おぼれる,溺れる,みずにおぼれること,2,動作を場面で伝える候補,candidate,
おりこう,おりこう,とてもいいこのこと,2,動作を場面で伝える候補,candidate,
おりる,降りる,うえからしたへおりること,2,動作を場面で伝える候補,candidate,
おる,折る,かみやえだをまげること,2,動作を場面で伝える候補,candidate,
おる,織る,いとをあわせてぬのをつくること,2,動作を場面で伝える候補,candidate,
おろす,下ろす,うえからしたへおろすこと,2,動作を場面で伝える候補,candidate,
おろす,卸す,みせでおろしうりすること,2,動作を場面で伝える候補,candidate,
おんぶ,おんぶ,せなかにのること,2,動作を場面で伝える候補,candidate,
かう,買う,おみせでおかねをはらってものをてにいれること。,2,動作を場面で伝える候補,candidate,
かえる,帰る,あるばしょからじぶんのいえにもどること,2,動作を場面で伝える候補,candidate,
かく,掻く,かゆいところをゆびでこすること,2,動作を場面で伝える候補,candidate,
かく,描く,えのぐやえんぴつでえをかくこと,2,動作を場面で伝える候補,candidate,
かじりつく,齧り付く,たべものにくらいつくこと,2,動作を場面で伝える候補,candidate,
かす,掠す,かすめること,2,動作を場面で伝える候補,candidate,
かせぐ,稼ぐ,はたらいておかねをもらうこと,2,動作を場面で伝える候補,candidate,
かぞえる,数える,いくつあるかかずをかぞえること,2,動作を場面で伝える候補,candidate,
かたむく,傾く,まっすぐではなくななめになること,2,動作を場面で伝える候補,candidate,
かつ,勝つ,しあいで相手に勝つこと,2,動作を場面で伝える候補,candidate,
かつぐ,担ぐ,にもつをかたにのせてはこぶこと,2,動作を場面で伝える候補,candidate,
かなでる,奏でる,がっきをひいておとをだすこと,2,動作を場面で伝える候補,candidate,
かなわぬ,叶わぬ,ねがいがかなわないこと,2,動作を場面で伝える候補,candidate,
かぶる,被る,ぼうしなどをあたまにのせること,2,動作を場面で伝える候補,candidate,
かむ,噛む,はでたべものをたべること,2,動作を場面で伝える候補,candidate,
かよう,通う,がっこうやじゅくなどへいくこと,2,動作を場面で伝える候補,candidate,
からむ,絡む,いとがからまること,2,動作を場面で伝える候補,candidate,
かりあげる,刈り上げる,かみをみじかくきること,2,動作を場面で伝える候補,candidate,
かりこむ,刈り込む,くさやきをきること,2,動作を場面で伝える候補,candidate,
かる,刈る,はさみでくさやきをきること,2,動作を場面で伝える候補,candidate,
かわく,乾く,ぬれているものがひること,2,動作を場面で伝える候補,candidate,
かわく,渇く,のどがかわくこと,2,動作を場面で伝える候補,candidate,
かわす,かわす,よけること,2,動作を場面で伝える候補,candidate,
かわす,交わす,おたがいにやりとりすること,2,動作を場面で伝える候補,candidate,
かわる,代わる,だれかとこうたいすること,2,動作を場面で伝える候補,candidate,
かわる,変わる,まえとはちがうものになること,2,動作を場面で伝える候補,candidate,
がらすぼう,ガラスぼう,液体を混ぜたり、ろ過のときに液体を伝わせたりするために使うガラスの棒,2,動作を場面で伝える候補,candidate,
きあう,着合う,互いにおしゃれな服を重ねて着たり、衣装の組み合わせを合わせたりすること,2,動作を場面で伝える候補,candidate,
きえうせる,消え失せる,目の前にあったものが、跡形もなくどこかへ消えてなくなってしまうこと,2,動作を場面で伝える候補,candidate,
きえさる,消え去る,今まであった姿や形、音が、完全になくなって見えなくなること,2,動作を場面で伝える候補,candidate,
きく,効く,くすりやたいさくが、からだや問題によい効果をあたえること,2,動作を場面で伝える候補,candidate,
きく,聞く,みみで、おとやひとのこえをキャッチすること,2,動作を場面で伝える候補,candidate,
きげん,期限,約束や、しごとを終わらせなければならないきめられた日にち,2,人との関わりを場面で伝える候補,candidate,
