reading,word,meaning,imagequery,level,imagequery_en,image_asset,image_mode,image_credit
はーと,ハート,心や気持ちを表すときに使う形。,ハート 記号,1,Heart symbol
はーぷ,ハープ,たくさんの弦を指ではじいて音を出す楽器。,ハープ,2,Harp
はい,灰,木や紙などが燃えたあとに残る粉。,灰,2,Ash
はい,肺,胸の中にあって呼吸をするときに働く体の部分。,肺,2,Lung
はいく,俳句,五・七・五の音を基本にして作る短い詩。,俳句,2,Haiku
はいざら,灰皿,たばこの灰や吸い殻を入れる容器。,灰皿,2,Ashtray
はいしゃ,歯医者,歯を診たり治したりするお医者さん。,歯科医師,1,Dentist
はいしゃ,敗者,試合や勝負で負けた人。,敗者 スポーツ,2,Defeat
はいすいこう,排水口,使った水などを流すための穴。,排水口,2,Drain
はいすいぱいぷ,排水パイプ,使った水などを流すための管。,排水管,2,Drain pipe
はいばん,廃盤,レコードやCDなどを作って売るのをやめること。,レコード,3,Record
はいれつ,配列,物や数などを順序にそって並べること。,配列 数学,2,Array
はえ,ハエ,羽を使って飛ぶ小さな虫。,ハエ 昆虫,1,Fly insect
はえたたき,ハエたたき,ハエなどの虫をたたくための道具。,ハエたたき,2,Flyswatter
はか,墓,亡くなった人をしのびお参りする場所。,墓,2,Grave
はかせ,博士,ある分野について深く研究した人に与えられる学位。また物知りな人の呼び名。,博士 学位,2,Doctorate
はがき,はがき,短い手紙を書いて郵便で送る紙。,葉書,1,Postcard
はがた,歯形,物をかんだときに残る歯の跡。,歯型,2,Dental impression
はがね,鋼,鉄をもとにして作る丈夫な金属。,鋼,2,Steel
はきもの,履物,靴やぞうりなど足にはく物のまとめた呼び名。,履物,1,Footwear
はくし,白紙,文字や絵が何もかかれていない紙。,白紙,1,Blank paper
はくしゅ,拍手,両手を打ち合わせてほめたり喜んだりすること。,拍手,1,Applause,assets/shiritori/hakushu.png,asset,AI生成イラスト
はくじょう,白状,隠していたことを正直に話すこと。,告白,2,Confession
はくぶつかん,博物館,昔の道具や自然の資料などを集めて見せる施設。,博物館,1,Museum
はぐるま,歯車,ふちの歯をかみ合わせて動きを伝える車輪。,歯車,2,Gear
はけ,刷毛,絵の具やのりなどを広い面にぬる道具。,刷毛,1,Brush
はげみ,励み,がんばる力のもとになること。,励まし,2,Encouragement
はこにわ,箱庭,小さな箱などの中に土や植物を置いて作る庭。,箱庭,2,Miniature garden
はこぶね,箱舟,箱のような形をした舟。,箱舟,2,Ark
はごいた,羽子板,羽根つきで羽根を打つための板。,羽子板,1,Hagoita
はさみうち,挟み撃ち,相手を両側から挟んで攻めること。,挟撃,3,Pincer movement
はしご,はしご,高い所に上がるために足をかけて登る道具。,梯子,1,Ladder
はしっこ,端っこ,物や場所のいちばん外側の部分。,端,1,Edge
はしばこ,箸箱,箸を入れて持ち運ぶための箱。,箸箱,1,Chopsticks case
はしぶくろ,箸袋,箸を入れる細長い袋。,箸袋,1,Chopsticks sleeve
はしら,柱,建物などを支えるまっすぐ立った太い材木や金属。,柱 建築,1,Column
はす,ハス,池などに育ち大きな丸い葉や花をつける植物。,ハス 植物,2,Nelumbo nucifera
はた,旗,印や合図に使う布。棒などにつけて掲げる。,旗,1,Flag
はたけ,畑,野菜などを育てるための土地。,畑,1,Field agriculture
はたらき,働き,物や体の部分などが果たす役割や作用。,働き 役割,2,Function
はたおり,機織り,糸を組み合わせて布を作ること。,機織り,2,Weaving
はち,鉢,植物を育てたり料理を盛ったりする深い入れ物。,植木鉢,1,Flowerpot
はちうえ,鉢植え,鉢に土を入れて植物を育てること。またその植物。,鉢植え,1,Potted plant
はちまき,鉢巻き,気持ちを引きしめたり汗を止めたりするため頭に巻く布。,鉢巻,1,Hachimaki
はちゅうるい,爬虫類,ヘビやトカゲやカメなどの動物の仲間。,爬虫類,2,Reptile
はつが,発芽,種から芽が出ること。,発芽,2,Germination
はつこい,初恋,初めて誰かを恋しいと思う気持ち。,初恋,2,First love
はつひので,初日の出,新しい年の最初に昇る太陽。,初日の出,1,First sunrise
はつめい,発明,新しい道具や方法などを考え出すこと。,発明,2,Invention
はっけん,発見,それまで知らなかった物やことを見つけること。,発見,1,Discovery
はっぴ,法被,祭りなどで着る短い上着。,法被,1,Happi
はっぴょう,発表,調べたことや考えたことをみんなに伝えること。,発表 学校,1,Presentation
はっぽうすちろーる,発泡スチロール,小さな泡をたくさん含んだ軽いプラスチックの材料。,発泡スチロール,2,Expanded polystyrene
はと,ハト,公園や町でも見かける鳥。,ハト,1,Pigeon
はとどけい,鳩時計,決まった時刻になるとハトの人形が出て鳴く時計。,鳩時計,1,Cuckoo clock
はなうた,鼻歌,口を閉じたり小さな声にしたりして歌う歌。,鼻歌,1,Humming
はなたば,花束,いくつもの花をまとめて束ねた物。,花束,1,Bouquet
はなびら,花びら,花を作る一枚一枚の薄い部分。,花弁,1,Petal
はなみ,花見,桜などの花を見て楽しむこと。,花見,1,Hanami
はなむけ,餞,旅立つ人などに贈る言葉や品物。,餞別,2,Farewell gift
はなや,花屋,花や花の苗などを売る店。,花屋,1,Florist
はね,羽,鳥の体をおおっている軽くて細かな毛のような物。,羽毛,1,Feather
はね,羽根,羽根つきで打ち合う羽のついた玉。,羽根つき 羽根,1,Hanetsuki
はねつき,羽根つき,羽子板で羽根を打ち合う遊び。,羽根つき,1,Hanetsuki
はば,幅,物の横の長さ。,幅,1,Width
はま,浜,海や湖の岸にある砂や石の多い場所。,浜,1,Beach
はまぐり,ハマグリ,二枚の貝殻を持つ食用の貝。,ハマグリ,1,Clam
はむ,ハム,豚の肉を塩づけにするなどして作る食べ物。,ハム 食品,1,Ham
はもの,刃物,包丁やはさみなど物を切るための刃がついた道具。,刃物,2,Blade
はやおき,早起き,朝の早い時刻に起きること。,早起き,1,Waking up early
はやくちことば,早口言葉,言いにくい言葉を続けて速く言う遊び。,早口言葉,1,Tongue twister
はやし,林,木がたくさん生えている場所。,林,1,Woodland
はやね,早寝,夜の早い時刻に寝ること。,早寝,1,Early bedtime,assets/shiritori/hayane.png,fallback,AI生成イラスト
はら,腹,おなかのこと。,腹部,1,Abdomen
はらまき,腹巻き,おなかを温めるため体に巻く衣類。,腹巻,1,Haramaki
はりねずみ,ハリネズミ,背中に針のような毛が生えている小さな動物。,ハリネズミ,1,Hedgehog
はりゅう,派流,川の本流から分かれて流れる川。,分流,3,Distributary
はるかぜ,春風,春に吹く風。,春風,1,Spring breeze
はるさめ,春雨,でんぷんから作る細くて透明な食べ物。,春雨 食品,1,Cellophane noodles
はるさめ,春雨,春にしとしと降る雨。,春 雨,2,Spring rain
はれ,晴れ,空に雲が少なく太陽の光がよく届く天気。,晴天,1,Clear sky
はんかち,ハンカチ,手や顔をふくために持ち歩く小さな布。,ハンカチ,1,Handkerchief
はんが,版画,板などに作った絵や形にインクをつけ紙に写した絵。,版画,2,Printmaking
はんがー,ハンガー,服を掛けておくための道具。,ハンガー,1,Clothes hanger
はんこ,はんこ,名前や印を紙などに押す道具。,印章,1,Seal stamp
はんそで,半袖,腕をおおう部分が短い服の袖。,半袖,1,Short sleeve
はんたい,反対,向きや考えなどが逆であること。,反対 方向,1,Opposite
はんちょう,班長,班のまとめ役をする人。,班長,1,Group leader
はんどぼーる,ハンドボール,手でボールを投げ相手のゴールに入れるスポーツ。,ハンドボール,2,Handball
はんばーがー,ハンバーガー,丸いパンに肉のパティなどを挟んだ食べ物。,ハンバーガー,1,Hamburger
はんばーぐ,ハンバーグ,ひき肉などを混ぜてまとめて焼いた料理。,ハンバーグ,1,Hamburg steak
はんぶん,半分,同じ大きさに二つに分けたうちの一つ。,半分,1,Half
はんぺん,はんぺん,魚のすり身などから作る白くてふわふわした食べ物。,はんぺん,1,Hanpen
